{
    "time": [
        3765491,
        3895491,
        3945491,
        3995491,
        4045491,
        4095491,
        4145491,
        4195491,
        4245491,
        4295491,
        4345491,
        4395491,
        4445491,
        4495491,
        4545491,
        4595491,
        4645491,
        4695491,
        4745491,
        4795491,
        4845491,
        4895491,
        4945491,
        4995491,
        5045491,
        5095491,
        5145491,
        5195491,
        5245491,
        5295491,
        5345491,
        5395491,
        5445491,
        5495491,
        5545491,
        5595491,
        5645491,
        5695491,
        5745491,
        5795491,
        5845491,
        5895491,
        5945491,
        5995491,
        6045491,
        6095491,
        6145491,
        6195491,
        6245491,
        6295491,
        6345491,
        6395491,
        6445491,
        6495491,
        6545491,
        6595491,
        6645491,
        6695491,
        6745491,
        6795491,
        6845491,
        6895491,
        6945491,
        6995491,
        7045491,
        7095491,
        7145491,
        7195491,
        7245491,
        7295491,
        7345491,
        7395491,
        7445491,
        7495491,
        7545491,
        7595491,
        7645491,
        7695491,
        7745491,
        7795491,
        7845491,
        7895491,
        7945491,
        7995491,
        8045491,
        8095491,
        8145491,
        8195491,
        8245491,
        8295491,
        8345491,
        8395491,
        8445491,
        8495491,
        8545491,
        8595491,
        8645491,
        8695491,
        8745491,
        8795491,
        8845491,
        8895491,
        8945491,
        8995491,
        9045491,
        9095491,
        9145491,
        9195491
    ],
    "average_completion_time": [
        1585734.0,
        1674849.4444444445,
        2028801.5504087193,
        2004160.3963480128,
        2006042.70657277,
        2053552.6193467337,
        2068616.23723229,
        2104330.4168039537,
        2134910.421127428,
        2158578.032025451,
        2179756.064793578,
        2199753.252173913,
        2214886.3242337164,
        2242394.9650609577,
        2259741.3221067223,
        2284039.3421326396,
        2304178.5180102917,
        2329379.1306857537,
        2350513.96253697,
        2370085.0837155962,
        2395532.2317327764,
        2421675.9751281566,
        2443926.4177882867,
        2467163.6160013946,
        2493530.21618226,
        2515651.3192124586,
        2542404.7874089004,
        2566703.674194272,
        2589425.0820841743,
        2614047.223816156,
        2637513.4027487705,
        2660944.2935095523,
        2685542.3697814383,
        2709090.662041017,
        2732171.8688163073,
        2757528.911848122,
        2782679.082783883,
        2804145.1824424546,
        2830064.7509379354,
        2852052.572242551,
        2874594.8660162436,
        2899885.345714143,
        2923291.593097051,
        2944610.28225845,
        2969923.3302345136,
        2996155.4281730065,
        3020661.32832618,
        3047691.035920546,
        3070963.5451429063,
        3096966.9078064733,
        3124259.0975289387,
        3150947.7644860563,
        3177064.8843050036,
        3204283.3375275,
        3229836.566964624,
        3256017.568047557,
        3280463.132057556,
        3304486.906567561,
        3328050.4170667985,
        3352004.570609892,
        3380638.378175362,
        3405719.7804271895,
        3429715.5652949926,
        3454137.2521298043,
        3480900.5977305416,
        3506421.2867711876,
        3531210.480899225,
        3557697.1308051664,
        3581683.424093701,
        3606957.5092441463,
        3631752.156086282,
        3654739.2840603977,
        3678231.63410049,
        3701862.5548461494,
        3725091.3164223037,
        3750477.32028382,
        3776236.4380424498,
        3799469.1923231026,
        3826304.9696985665,
        3849946.2720195786,
        3875840.9075796506,
        3900946.2960255826,
        3925001.6011686814,
        3949514.6556178103,
        3973075.305681567,
        3996517.6136203846,
        4021238.7112373826,
        4047394.626723525,
        4072426.593332709,
        4097758.0804539137,
        4122903.673009549,
        4146150.061175457,
        4170836.73014058,
        4196549.253974237,
        4219807.08906394,
        4243752.726820581,
        4269908.076179428,
        4295297.042136145,
        4320325.106339554,
        4346662.632419046,
        4372888.515347534,
        4390752.135792618,
        4402516.158962245,
        4407958.674239961,
        4412476.029214851,
        4416175.050446727,
        4420182.476423587,
        4425241.375350876
    ],
    "number_of_free_cards": [
        3169,
        2772,
        0,
        0,
        0,
        0,
        0,
        0,
        0,
        0,
        0,
        0,
        0,
        0,
        0,
        0,
        0,
        0,
        0,
        0,
        0,
        0,
        0,
        0,
        0,
        0,
        0,
        0,
        0,
        0,
        0,
        0,
        0,
        0,
        0,
        0,
        0,
        0,
        0,
        0,
        0,
        0,
        0,
        0,
        0,
        0,
        0,
        0,
        0,
        0,
        0,
        0,
        0,
        0,
        0,
        0,
        0,
        0,
        0,
        0,
        0,
        0,
        0,
        0,
        0,
        0,
        0,
        0,
        0,
        0,
        0,
        0,
        0,
        0,
        0,
        0,
        0,
        0,
        0,
        0,
        0,
        0,
        0,
        0,
        0,
        0,
        0,
        0,
        0,
        0,
        0,
        0,
        0,
        0,
        0,
        0,
        0,
        0,
        0,
        0,
        416,
        931,
        1104,
        1193,
        1211,
        1207,
        1197,
        1371
    ],
    "scheduling_efficiency": [
        0.0,
        0.0,
        0.0,
        0.0,
        0.0,
        0.0,
        0.0,
        0.0,
        0.0,
        0.0,
        0.0,
        0.0,
        0.0,
        0.0,
        0.0,
        0.0,
        0.0,
        0.0,
        0.0,
        0.0,
        0.0,
        0.0,
        0.0,
        0.0,
        0.0,
        0.0,
        0.0,
        0.0,
        0.0,
        0.0,
        0.0,
        0.0,
        0.0,
        0.0,
        0.0,
        0.0,
        0.0,
        0.0,
        0.0,
        0.0,
        0.0,
        0.0,
        0.0,
        0.0,
        0.0,
        0.0,
        0.0,
        0.0,
        0.0,
        0.0,
        0.0,
        0.0,
        0.0,
        0.0,
        0.0,
        0.0,
        0.0,
        0.0,
        0.0,
        0.0,
        0.0,
        0.0,
        0.0,
        0.0,
        0.0,
        0.0,
        0.0,
        0.0,
        0.0,
        0.0,
        0.0,
        0.0,
        0.0,
        0.0,
        0.0,
        0.0,
        0.0,
        0.0,
        0.0,
        0.0,
        0.0,
        0.0,
        0.0,
        0.0,
        0.0,
        0.0,
        0.0,
        0.0,
        0.0,
        0.0,
        0.0,
        0.0,
        0.0,
        0.0,
        0.0,
        0.0,
        0.0,
        0.0,
        0.0,
        0.0,
        0.0,
        0.0,
        0.0,
        0.0,
        0.0,
        0.0,
        0.0,
        0.0
    ],